"Rainbow Beach","07/19/2015 11:00:00 PM","21.4","2",,"-99,999.992","-100,000","9.9","07/19/2015 11:00 PM","RainbowBeach201507192300"
"Rainbow Beach","07/19/2015 10:00:00 PM","21.6","2.67",,"-99,999.992","-100,000","9.9","07/19/2015 10:00 PM","RainbowBeach201507192200"
"Rainbow Beach","07/19/2015 09:00:00 PM","21.6","1.66",,"-99,999.992","-100,000","9.9","07/19/2015 9:00 PM","RainbowBeach201507192100"
"Rainbow Beach","07/19/2015 08:00:00 PM","22","3.28",,"-99,999.992","-100,000","9.9","07/19/2015 8:00 PM","RainbowBeach201507192000"
"Rainbow Beach","07/19/2015 07:00:00 PM","22.5","2.65",,"-99,999.992","-100,000","9.9","07/19/2015 7:00 PM","RainbowBeach201507191900"
"Rainbow Beach","07/19/2015 06:00:00 PM","22.8","1.22",,"-99,999.992","-100,000","9.9","07/19/2015 6:00 PM","RainbowBeach201507191800"
"Rainbow Beach","07/19/2015 05:00:00 PM","22.9","1.77",,"-99,999.992","-100,000","9.9","07/19/2015 5:00 PM","RainbowBeach201507191700"
"Rainbow Beach","07/19/2015 04:00:00 PM","23","1.49",,"-99,999.992","-100,000","9.9","07/19/2015 4:00 PM","RainbowBeach201507191600"
"Rainbow Beach","07/19/2015 03:00:00 PM","22.8","1.31",,"-99,999.992","-100,000","9.9","07/19/2015 3:00 PM","RainbowBeach201507191500"
"Rainbow Beach","07/19/2015 02:00:00 PM","22.2","1.8",,"-99,999.992","-100,000","9.9","07/19/2015 2:00 PM","RainbowBeach201507191400"
"Rainbow Beach","07/19/2015 01:00:00 PM","22.1","1.46",,"-99,999.992","-100,000","9.9","07/19/2015 1:00 PM","RainbowBeach201507191300"
"Rainbow Beach","07/19/2015 12:00:00 PM","21.8","0.95",,"-99,999.992","-100,000","9.9","07/19/2015 12:00 PM","RainbowBeach201507191200"
"Rainbow Beach","07/19/2015 11:00:00 AM","21.3","1.09",,"-99,999.992","-100,000","9.9","07/19/2015 11:00 AM","RainbowBeach201507191100"
"Rainbow Beach","07/19/2015 10:00:00 AM","20.5","1.38",,"-99,999.992","-100,000","9.9","07/19/2015 10:00 AM","RainbowBeach201507191000"
"Rainbow Beach","07/19/2015 09:00:00 AM","20.4","1.36",,"-99,999.992","-100,000","10","07/19/2015 9:00 AM","RainbowBeach201507190900"
"Rainbow Beach","07/19/2015 08:00:00 AM","20.2","1.27",,"-99,999.992","-100,000","10","07/19/2015 8:00 AM","RainbowBeach201507190800"
"Rainbow Beach","07/19/2015 07:00:00 AM","20","1.26",,"-99,999.992","-100,000","10","07/19/2015 7:00 AM","RainbowBeach201507190700"
"Rainbow Beach","07/19/2015 06:00:00 AM","20","1.33",,"-99,999.992","-100,000","10","07/19/2015 6:00 AM","RainbowBeach201507190600"
"Rainbow Beach","07/19/2015 05:00:00 AM","20","1.4",,"-99,999.992","-100,000","10","07/19/2015 5:00 AM","RainbowBeach201507190500"
"Rainbow Beach","07/19/2015 04:00:00 AM","19.9","1.95",,"-99,999.992","-100,000","10","07/19/2015 4:00 AM","RainbowBeach201507190400"
"Rainbow Beach","07/19/2015 03:00:00 AM","19.8","2.19",,"-99,999.992","-100,000","10","07/19/2015 3:00 AM","RainbowBeach201507190300"
"Rainbow Beach","07/19/2015 02:00:00 AM","19.8","2.3",,"-99,999.992","-100,000","10","07/19/2015 2:00 AM","RainbowBeach201507190200"
"Rainbow Beach","07/19/2015 12:00:00 AM","19.9","3.6",,"-99,999.992","-100,000","10","07/19/2015 12:00 AM","RainbowBeach201507192400"
"Rainbow Beach","07/18/2015 11:00:00 PM","20.1","4.45",,"-99,999.992","-100,000","10","07/18/2015 11:00 PM","RainbowBeach201507182300"
"Rainbow Beach","07/18/2015 10:00:00 PM","20.1","6.14",,"-99,999.992","-100,000","10","07/18/2015 10:00 PM","RainbowBeach201507182200"
"Rainbow Beach","07/18/2015 09:00:00 PM","20.2","4.61",,"-99,999.992","-100,000","9.9","07/18/2015 9:00 PM","RainbowBeach201507182100"
"Rainbow Beach","07/18/2015 08:00:00 PM","20.3","6.26",,"-99,999.992","-100,000","10","07/18/2015 8:00 PM","RainbowBeach201507182000"
"Rainbow Beach","07/18/2015 07:00:00 PM","20.4","6.54",,"-99,999.992","-100,000","9.9","07/18/2015 7:00 PM","RainbowBeach201507181900"
"Rainbow Beach","07/18/2015 05:00:00 PM","20.7","2.05",,"-99,999.992","-100,000","10","07/18/2015 5:00 PM","RainbowBeach201507181700"
"Rainbow Beach","07/18/2015 04:00:00 PM","20.7","2.49",,"-99,999.992","-100,000","10","07/18/2015 4:00 PM","RainbowBeach201507181600"
"Rainbow Beach","07/18/2015 03:00:00 PM","20.9","2.39",,"-99,999.992","-100,000","10.1","07/18/2015 3:00 PM","RainbowBeach201507181500"
"Rainbow Beach","07/18/2015 02:00:00 PM","21.1","2.2",,"-99,999.992","-100,000","10.1","07/18/2015 2:00 PM","RainbowBeach201507181400"
"Rainbow Beach","07/18/2015 01:00:00 PM","20.8","2.41",,"-99,999.992","-100,000","10.1","07/18/2015 1:00 PM","RainbowBeach201507181300"
"Rainbow Beach","07/18/2015 12:00:00 PM","20.5","1.66",,"-99,999.992","-100,000","10.1","07/18/2015 12:00 PM","RainbowBeach201507181200"
"Rainbow Beach","07/18/2015 11:00:00 AM","20.1","1.25",,"-99,999.992","-100,000","10.1","07/18/2015 11:00 AM","RainbowBeach201507181100"
"Rainbow Beach","07/18/2015 10:00:00 AM","19.7","1.25",,"-99,999.992","-100,000","10.1","07/18/2015 10:00 AM","RainbowBeach201507181000"
"Rainbow Beach","07/18/2015 09:00:00 AM","19.7","1.42",,"-99,999.992","-100,000","10.1","07/18/2015 9:00 AM","RainbowBeach201507180900"
"Rainbow Beach","07/18/2015 08:00:00 AM","20.1","1.29",,"-99,999.992","-100,000","10.1","07/18/2015 8:00 AM","RainbowBeach201507180800"
"Rainbow Beach","07/18/2015 07:00:00 AM","20.2","1.34",,"-99,999.992","-100,000","10.1","07/18/2015 7:00 AM","RainbowBeach201507180700"
"Rainbow Beach","07/18/2015 06:00:00 AM","20.2","1.35",,"-99,999.992","-100,000","10.1","07/18/2015 6:00 AM","RainbowBeach201507180600"
"Rainbow Beach","07/18/2015 05:00:00 AM","20.3","1.47",,"-99,999.992","-100,000","10.1","07/18/2015 5:00 AM","RainbowBeach201507180500"
"Rainbow Beach","07/18/2015 04:00:00 AM","20.4","1.41",,"-99,999.992","-100,000","10.1","07/18/2015 4:00 AM","RainbowBeach201507180400"
"Rainbow Beach","07/18/2015 03:00:00 AM","20.4","1.7",,"-99,999.992","-100,000","10.1","07/18/2015 3:00 AM","RainbowBeach201507180300"
"Rainbow Beach","07/18/2015 02:00:00 AM","20.3","1.66",,"-99,999.992","-100,000","10.1","07/18/2015 2:00 AM","RainbowBeach201507180200"
"Rainbow Beach","07/18/2015 01:00:00 AM","20.6","1.84",,"-99,999.992","-100,000","10.1","07/18/2015 1:00 AM","RainbowBeach201507180100"
"Rainbow Beach","07/18/2015 12:00:00 AM","20.7","1.73",,"-99,999.992","-100,000","10.1","07/18/2015 12:00 AM","RainbowBeach201507182400";